{"cameraMode":{"drawMode":0,"name":"Shaded","section":"Shading Mode"},"sceneLighting":false,"audioPlay":false,"sceneViewState":{"showFog":true,"showMaterialUpdate":false,"showSkybox":false,"showFlares":true,"showImageEffects":true,"showParticleSystems":true,"showVisualEffectGraphs":true,"m_FxEnabled":true},"in2DMode":false,"pivot":{"x":2.581052303314209,"y":0.43487077951431277,"z":-0.043939702212810519},"rotation":{"x":0.13820400834083558,"y":0.7212812900543213,"z":-0.15055590867996217,"w":0.6618793606758118},"size":1.5484657287597657,"orthographic":false}