{
    "name": "root",
    "gauges": {
        "ControllableCar.Policy.Entropy.mean": {
            "value": 1.2968095541000366,
            "min": 1.2968095541000366,
            "max": 1.4209868907928467,
            "count": 332
        },
        "ControllableCar.Environment.EpisodeLength.mean": {
            "value": 204.62,
            "min": 56.59770114942529,
            "max": 261.70588235294116,
            "count": 332
        },
        "ControllableCar.Policy.ExtrinsicValueEstimate.mean": {
            "value": 152.40115356445312,
            "min": 5.058239459991455,
            "max": 152.40115356445312,
            "count": 332
        },
        "ControllableCar.Environment.CumulativeReward.mean": {
            "value": 3039.0360971069335,
            "min": 15.302889838556334,
            "max": 7804.8682888976555,
            "count": 332
        },
        "ControllableCar.Policy.ExtrinsicReward.mean": {
            "value": 3039.0360971069335,
            "min": 15.302889838556334,
            "max": 7804.8682888976555,
            "count": 332
        },
        "ControllableCar.IsTraining.mean": {
            "value": 1.0,
            "min": 1.0,
            "max": 1.0,
            "count": 332
        },
        "ControllableCar.Losses.ValueLoss.mean": {
            "value": 4221107.0,
            "min": 243.38063049316406,
            "max": 16877228.0,
            "count": 161
        },
        "ControllableCar.Losses.PolicyLoss.mean": {
            "value": 0.020676393061876297,
            "min": 0.010998910292983055,
            "max": 0.02372816763818264,
            "count": 161
        },
        "ControllableCar.Policy.LearningRate.mean": {
            "value": 0.0001016518144751899,
            "min": 0.0001016518144751899,
            "max": 0.0002987693587783724,
            "count": 161
        },
        "ControllableCar.Policy.Epsilon.mean": {
            "value": 0.13388392329216003,
            "min": 0.13388392329216003,
            "max": 0.1995897889137268,
            "count": 161
        },
        "ControllableCar.Policy.Beta.mean": {
            "value": 0.001700807362794876,
            "min": 0.001700807362794876,
            "max": 0.004979531280696392,
            "count": 161
        }
    },
    "metadata": {
        "timer_format_version": "0.1.0",
        "start_time_seconds": "1598818814",
        "python_version": "3.7.7 (default, May  6 2020, 11:45:54) [MSC v.1916 64 bit (AMD64)]",
        "command_line_arguments": "C:\\Users\\lew\\AppData\\Local\\conda\\conda\\envs\\ml-agents-1.3\\Scripts\\mlagents-learn ./trainer_config.yaml --run-id car_10",
        "mlagents_version": "0.18.1",
        "mlagents_envs_version": "0.18.1",
        "communication_protocol_version": "1.0.0",
        "tensorflow_version": "2.3.0",
        "end_time_seconds": "1598830887"
    },
    "total": 12072.806445100001,
    "count": 1,
    "self": 0.010367700000642799,
    "children": {
        "run_training.setup": {
            "total": 0.04869810000000019,
            "count": 1,
            "self": 0.04869810000000019
        },
        "TrainerController.start_learning": {
            "total": 12072.7473793,
            "count": 1,
            "self": 201.2594619000247,
            "children": {
                "TrainerController._reset_env": {
                    "total": 10.4414531,
                    "count": 1,
                    "self": 10.4414531
                },
                "TrainerController.advance": {
                    "total": 11860.558818899974,
                    "count": 439383,
                    "self": 7.308468799976254,
                    "children": {
                        "env_step": {
                            "total": 11853.250350099997,
                            "count": 439383,
                            "self": 11464.559520400293,
                            "children": {
                                "SubprocessEnvManager._take_step": {
                                    "total": 381.9219182997927,
                                    "count": 439383,
                                    "self": 17.78015049968957,
                                    "children": {
                                        "NNPolicy.evaluate": {
                                            "total": 364.14176780010314,
                                            "count": 416114,
                                            "self": 364.14176780010314
                                        }
                                    }
                                },
                                "workers": {
                                    "total": 6.768911399912353,
                                    "count": 439382,
                                    "self": 0.0,
                                    "children": {
                                        "worker_root": {
                                            "total": 12045.301922000075,
                                            "count": 439382,
                                            "is_parallel": true,
                                            "self": 1452.877673500083,
                                            "children": {
                                                "steps_from_proto": {
                                                    "total": 0.0013407000000000835,
                                                    "count": 1,
                                                    "is_parallel": true,
                                                    "self": 0.0001703000000023991,
                                                    "children": {
                                                        "_process_vector_observation": {
                                                            "total": 0.0011703999999976844,
                                                            "count": 10,
                                                            "is_parallel": true,
                                                            "self": 0.0011703999999976844
                                                        }
                                                    }
                                                },
                                                "UnityEnvironment.step": {
                                                    "total": 10592.422907799992,
                                                    "count": 439382,
                                                    "is_parallel": true,
                                                    "self": 95.06727849982235,
                                                    "children": {
                                                        "UnityEnvironment._generate_step_input": {
                                                            "total": 58.362204899679426,
                                                            "count": 439382,
                                                            "is_parallel": true,
                                                            "self": 58.362204899679426
                                                        },
                                                        "communicator.exchange": {
                                                            "total": 10012.230037600257,
                                                            "count": 439382,
                                                            "is_parallel": true,
                                                            "self": 10012.230037600257
                                                        },
                                                        "steps_from_proto": {
                                                            "total": 426.763386800234,
                                                            "count": 439382,