{
    "name": "root",
    "gauges": {
        "ControllableCar.Policy.Entropy.mean": {
            "value": 1.4095426797866821,
            "min": 1.4088903665542603,
            "max": 1.4189382791519165,
            "count": 32
        },
        "ControllableCar.Environment.EpisodeLength.mean": {
            "value": 79.688,
            "min": 56.752873563218394,
            "max": 79.688,
            "count": 32
        },
        "ControllableCar.Policy.ExtrinsicValueEstimate.mean": {
            "value": 4.807943820953369,
            "min": -4.05192232131958,
            "max": 4.807943820953369,
            "count": 32
        },
        "ControllableCar.Environment.CumulativeReward.mean": {
            "value": 116.88639895784856,
            "min": 10.671676118938908,
            "max": 117.14047557878352,
            "count": 32
        },
        "ControllableCar.Policy.ExtrinsicReward.mean": {
            "value": 116.88639895784856,
            "min": 10.671676118938908,
            "max": 117.14047557878352,
            "count": 32
        },
        "ControllableCar.IsTraining.mean": {
            "value": 1.0,
            "min": 1.0,
            "max": 1.0,
            "count": 32
        },
        "ControllableCar.Losses.ValueLoss.mean": {
            "value": 1401.8475341796875,
            "min": 151.67156982421875,
            "max": 1401.8475341796875,
            "count": 15
        },
        "ControllableCar.Losses.PolicyLoss.mean": {
            "value": 0.013827267102897167,
            "min": 0.013827267102897167,
            "max": 0.021364353597164154,
            "count": 15
        },
        "ControllableCar.Policy.LearningRate.mean": {
            "value": 0.00028151561855338514,
            "min": 0.00028151561855338514,
            "max": 0.000298770290100947,
            "count": 15
        },
        "ControllableCar.Policy.Epsilon.mean": {
            "value": 0.19383855164051056,
            "min": 0.19383855164051056,
            "max": 0.19959013164043427,
            "count": 15
        },
        "ControllableCar.Policy.Beta.mean": {
            "value": 0.004692542366683483,
            "min": 0.004692542366683483,
            "max": 0.004979546181857586,
            "count": 15
        }
    },
    "metadata": {
        "timer_format_version": "0.1.0",
        "start_time_seconds": "1599533849",
        "python_version": "3.7.7 (default, May  6 2020, 11:45:54) [MSC v.1916 64 bit (AMD64)]",
        "command_line_arguments": "C:\\Users\\lew\\AppData\\Local\\conda\\conda\\envs\\ml-agents-1.3\\Scripts\\mlagents-learn ./trainer_config.yaml --run-id car_12",
        "mlagents_version": "0.18.1",
        "mlagents_envs_version": "0.18.1",
        "communication_protocol_version": "1.0.0",
        "tensorflow_version": "2.3.0",
        "end_time_seconds": "1599534467"
    },
    "total": 618.0527079,
    "count": 1,
    "self": 0.01831949999984772,
    "children": {
        "run_training.setup": {
            "total": 0.007954299999999748,
            "count": 1,
            "self": 0.007954299999999748
        },
        "TrainerController.start_learning": {
            "total": 618.0264341000001,
            "count": 1,
            "self": 21.847553800002515,
            "children": {
                "TrainerController._reset_env": {
                    "total": 8.4690237,
                    "count": 1,
                    "self": 8.4690237
                },
                "TrainerController.advance": {
                    "total": 587.2893749999976,
                    "count": 44311,
                    "self": 0.683529099996349,
                    "children": {
                        "env_step": {
                            "total": 586.6058459000012,
                            "count": 44311,
                            "self": 550.4455915000037,
                            "children": {
                                "SubprocessEnvManager._take_step": {
                                    "total": 35.53188469998745,
                                    "count": 44311,
                                    "self": 1.5461835999924674,
                                    "children": {
                                        "NNPolicy.evaluate": {
                                            "total": 33.985701099994984,
                                            "count": 40357,
                                            "self": 33.985701099994984
                                        }
                                    }
                                },
                                "workers": {
                                    "total": 0.6283697000100545,
                                    "count": 44310,
                                    "self": 0.0,
                                    "children": {
                                        "worker_root": {
                                            "total": 607.3995945999927,
                                            "count": 44310,
                                            "is_parallel": true,
                                            "self": 134.18465989999112,
                                            "children": {
                                                "steps_from_proto": {
                                                    "total": 0.0011294999999993394,
                                                    "count": 1,
                                                    "is_parallel": true,
                                                    "self": 0.00015870000000006712,
                                                    "children": {
                                                        "_process_vector_observation": {
                                                            "total": 0.0009707999999992722,
                                                            "count": 10,
                                                            "is_parallel": true,
                                                            "self": 0.0009707999999992722
                                                        }
                                                    }
                                                },
                                                "UnityEnvironment.step": {
                                                    "total": 473.2138052000016,
                                                    "count": 44310,
                                                    "is_parallel": true,
                                                    "self": 8.677776099996947,
                                                    "children": {
                                                        "UnityEnvironment._generate_step_input": {
                                                            "total": 5.331688700003594,
                                                            "count": 44310,
                                                            "is_parallel": true,
                                                            "self": 5.331688700003594
                                                        },
                                                        "communicator.exchange": {
                                                            "total": 420.6883834000007,
                                                            "count": 44310,
                                                            "is_parallel": true,
                                                            "self": 420.6883834000007
                                                        },
                                                        "steps_from_proto": {
                                                            "total": 38.51595700000034,
                                                            "count": 44310,
                                                            "is_parallel": true,