{"cameraMode":{"drawMode":0,"name":"Shaded","section":"Shading Mode"},"sceneLighting":true,"audioPlay":false,"sceneViewState":{"showFog":true,"showMaterialUpdate":false,"showSkybox":true,"showFlares":true,"showImageEffects":true,"showParticleSystems":true,"showVisualEffectGraphs":true,"m_FxEnabled":true},"in2DMode":false,"pivot":{"x":-15.927026748657227,"y":-1.2450108528137208,"z":-6.253362655639648},"rotation":{"x":-0.29552215337753298,"y":-0.09612426161766052,"z":0.02986835688352585,"w":-0.9502838253974915},"size":30.223487854003908,"orthographic":true}