{
    "name": "root",
    "gauges": {
        "ControllableCar.Policy.Entropy.mean": {
            "value": 1.4189382791519165,
            "min": 1.4189382791519165,
            "max": 1.4189382791519165,
            "count": 1
        },
        "ControllableCar.Environment.EpisodeLength.mean": {
            "value": 56.895953757225435,
            "min": 56.895953757225435,
            "max": 56.895953757225435,
            "count": 1
        },
        "ControllableCar.Policy.ExtrinsicValueEstimate.mean": {
            "value": 3.4629006385803223,
            "min": 3.4629006385803223,
            "max": 3.4629006385803223,
            "count": 1
        },
        "ControllableCar.Environment.CumulativeReward.mean": {
            "value": 8.255813953488373,
            "min": 8.255813953488373,
            "max": 8.255813953488373,
            "count": 1
        },
        "ControllableCar.Policy.ExtrinsicReward.mean": {
            "value": 8.255813953488373,
            "min": 8.255813953488373,
            "max": 8.255813953488373,
            "count": 1
        },
        "ControllableCar.IsTraining.mean": {
            "value": 1.0,
            "min": 1.0,
            "max": 1.0,
            "count": 1
        }
    },
    "metadata": {
        "timer_format_version": "0.1.0",
        "start_time_seconds": "1598818300",
        "python_version": "3.7.7 (default, May  6 2020, 11:45:54) [MSC v.1916 64 bit (AMD64)]",
        "command_line_arguments": "C:\\Users\\lew\\AppData\\Local\\conda\\conda\\envs\\ml-agents-1.3\\Scripts\\mlagents-learn ./trainer_config.yaml --run-id car_06",
        "mlagents_version": "0.18.1",
        "mlagents_envs_version": "0.18.1",
        "communication_protocol_version": "1.0.0",
        "tensorflow_version": "2.3.0",
        "end_time_seconds": "1598818348"
    },
    "total": 48.5324797,
    "count": 1,
    "self": 0.011446999999996876,
    "children": {
        "run_training.setup": {
            "total": 0.04128450000000017,
            "count": 1,
            "self": 0.04128450000000017
        },
        "TrainerController.start_learning": {
            "total": 48.4797482,
            "count": 1,
            "self": 2.3991496000002783,
            "children": {
                "TrainerController._reset_env": {
                    "total": 7.9975659,
                    "count": 1,
                    "self": 7.9975659
                },
                "TrainerController.advance": {
                    "total": 37.66039229999973,
                    "count": 2545,
                    "self": 0.03875919999969568,
                    "children": {
                        "env_step": {
                            "total": 37.62163310000003,
                            "count": 2545,
                            "self": 35.76175259999989,
                            "children": {
                                "SubprocessEnvManager._take_step": {
                                    "total": 1.8254798999999977,
                                    "count": 2545,
                                    "self": 0.08702110000025165,
                                    "children": {
                                        "NNPolicy.evaluate": {
                                            "total": 1.738458799999746,
                                            "count": 2321,
                                            "self": 1.738458799999746
                                        }
                                    }
                                },
                                "workers": {
                                    "total": 0.03440060000014533,
                                    "count": 2544,
                                    "self": 0.0,
                                    "children": {
                                        "worker_root": {
                                            "total": 39.755839200000075,
                                            "count": 2544,
                                            "is_parallel": true,
                                            "self": 7.367993900000236,
                                            "children": {
                                                "steps_from_proto": {
                                                    "total": 0.0015207999999997668,
                                                    "count": 1,
                                                    "is_parallel": true,
                                                    "self": 0.00025709999999978805,
                                                    "children": {
                                                        "_process_vector_observation": {
                                                            "total": 0.0012636999999999787,
                                                            "count": 10,
                                                            "is_parallel": true,
                                                            "self": 0.0012636999999999787
                                                        }
                                                    }
                                                },
                                                "UnityEnvironment.step": {
                                                    "total": 32.38632449999984,
                                                    "count": 2544,
                                                    "is_parallel": true,
                                                    "self": 0.48497139999987837,
                                                    "children": {
                                                        "UnityEnvironment._generate_step_input": {
                                                            "total": 0.298746900000026,
                                                            "count": 2544,
                                                            "is_parallel": true,
                                                            "self": 0.298746900000026
                                                        },
                                                        "communicator.exchange": {
                                                            "total": 29.3434398999999,
                                                            "count": 2544,
                                                            "is_parallel": true,
                                                            "self": 29.3434398999999
                                                        },
                                                        "steps_from_proto": {
                                                            "total": 2.259166300000034,
                                                            "count": 2544,
                                                            "is_parallel": true,
                                                            "self": 0.3628100000000991,
                                                            "children": {
                                                                "_process_vector_observation": {
                                                                    "total": 1.896356299999935,
                                                                    "count": 25440,
                                                                    "is_parallel": true,