{
    "name": "root",
    "metadata": {
        "timer_format_version": "0.1.0",
        "start_time_seconds": "1599535620",
        "python_version": "3.7.7 (default, May  6 2020, 11:45:54) [MSC v.1916 64 bit (AMD64)]",
        "command_line_arguments": "C:\\Users\\lew\\AppData\\Local\\conda\\conda\\envs\\ml-agents-1.3\\Scripts\\mlagents-learn ./trainer_config.yaml --run-id car_15",
        "mlagents_version": "0.18.1",
        "mlagents_envs_version": "0.18.1",
        "communication_protocol_version": "1.0.0",
        "tensorflow_version": "2.3.0",
        "end_time_seconds": "1599535644"
    },
    "total": 24.0029186,
    "count": 1,
    "self": 0.005811900000001202,
    "children": {
        "run_training.setup": {
            "total": 0.040216599999999936,
            "count": 1,
            "self": 0.040216599999999936
        },
        "TrainerController.start_learning": {
            "total": 23.9568901,
            "count": 1,
            "self": 1.8279628999999709,
            "children": {
                "TrainerController._reset_env": {
                    "total": 7.6304113000000005,
                    "count": 1,
                    "self": 7.6304113000000005
                },
                "TrainerController.advance": {
                    "total": 14.062519800000024,
                    "count": 747,
                    "self": 0.010992500000021721,
                    "children": {
                        "env_step": {
                            "total": 14.051527300000002,
                            "count": 747,
                            "self": 13.473193500000006,
                            "children": {
                                "SubprocessEnvManager._take_step": {
                                    "total": 0.5685058000000041,
                                    "count": 747,
                                    "self": 0.025665400000004723,
                                    "children": {
                                        "NNPolicy.evaluate": {
                                            "total": 0.5428403999999993,
                                            "count": 687,
                                            "self": 0.5428403999999993
                                        }
                                    }
                                },
                                "workers": {
                                    "total": 0.009827999999991732,
                                    "count": 746,
                                    "self": 0.0,
                                    "children": {
                                        "worker_root": {
                                            "total": 15.630359599999966,
                                            "count": 746,
                                            "is_parallel": true,
                                            "self": 3.168190899999967,
                                            "children": {
                                                "steps_from_proto": {
                                                    "total": 0.0012607999999998398,
                                                    "count": 1,
                                                    "is_parallel": true,
                                                    "self": 0.0001816999999997293,
                                                    "children": {
                                                        "_process_vector_observation": {
                                                            "total": 0.0010791000000001105,
                                                            "count": 10,
                                                            "is_parallel": true,
                                                            "self": 0.0010791000000001105
                                                        }
                                                    }
                                                },
                                                "UnityEnvironment.step": {
                                                    "total": 12.4609079,
                                                    "count": 746,
                                                    "is_parallel": true,
                                                    "self": 0.14404220000000123,
                                                    "children": {
                                                        "UnityEnvironment._generate_step_input": {
                                                            "total": 0.08605350000001266,
                                                            "count": 746,
                                                            "is_parallel": true,
                                                            "self": 0.08605350000001266
                                                        },
                                                        "communicator.exchange": {
                                                            "total": 11.590179599999937,
                                                            "count": 746,
                                                            "is_parallel": true,
                                                            "self": 11.590179599999937
                                                        },
                                                        "steps_from_proto": {
                                                            "total": 0.6406326000000497,
                                                            "count": 746,
                                                            "is_parallel": true,
                                                            "self": 0.10235300000007719,
                                                            "children": {
                                                                "_process_vector_observation": {
                                                                    "total": 0.5382795999999725,
                                                                    "count": 7460,
                                                                    "is_parallel": true,
                                                                    "self": 0.5382795999999725
                                                                }
                                                            }
                                                        }
                                                    }
                                                }
                                            }
                                        }
                                    }
                                }
                            }
                        }
                    }
                },
                "trainer_threads": {
                    "total": 2.060000000270179e-05,
                    "count": 1,
                    "self": 2.060000000270179e-05,
                    "children": {
                        "thread_root": {
                            "total": 0.0,
                            "count": 0,
                            "is_parallel": true,
                            "self": 0.0,
                            "children": {
                                "trainer_advance": {
                                    "total": 14.146408500000005,
                                    "count": 6907,
                                    "is_parallel": true,
                                    "self": 0.25730940000002,
                                    "children": {
                                        "process_trajectory": {
                                            "total": 13.889099099999985,
                                            "count": 6907,
                                            "is_parallel": true,