{
    "name": "root",
    "gauges": {
        "ControllableCar.Policy.Entropy.mean": {
            "value": 1.3515530824661255,
            "min": 1.3512266874313354,
            "max": 1.4189382791519165,
            "count": 118
        },
        "ControllableCar.Policy.ExtrinsicValueEstimate.mean": {
            "value": 37.86131286621094,
            "min": -2.0399224758148193,
            "max": 37.86131286621094,
            "count": 118
        },
        "ControllableCar.Environment.EpisodeLength.mean": {
            "value": 175.66666666666666,
            "min": 175.66071428571428,
            "max": 178.76363636363635,
            "count": 118
        },
        "ControllableCar.Environment.CumulativeReward.mean": {
            "value": 457.0701754385965,
            "min": -43.32142857142857,
            "max": 464.640350877193,
            "count": 118
        },
        "ControllableCar.Policy.ExtrinsicReward.mean": {
            "value": 457.0701754385965,
            "min": -43.32142857142857,
            "max": 464.640350877193,
            "count": 118
        },
        "ControllableCar.IsTraining.mean": {
            "value": 1.0,
            "min": 1.0,
            "max": 1.0,
            "count": 118
        },
        "ControllableCar.Losses.ValueLoss.mean": {
            "value": 1619.705078125,
            "min": 33.6876106262207,
            "max": 1779.3033447265625,
            "count": 57
        },
        "ControllableCar.Losses.PolicyLoss.mean": {
            "value": 0.01752847246825695,
            "min": 0.012184694409370422,
            "max": 0.022962236776947975,
            "count": 57
        },
        "ControllableCar.Policy.LearningRate.mean": {
            "value": 0.00022991321748122573,
            "min": 0.00022991321748122573,
            "max": 0.0002987703192047775,
            "count": 57
        },
        "ControllableCar.Policy.Epsilon.mean": {
            "value": 0.1766377091407776,
            "min": 0.1766377091407776,
            "max": 0.19959014654159546,
            "count": 57
        },
        "ControllableCar.Policy.Beta.mean": {
            "value": 0.003834222676232457,
            "min": 0.003834222676232457,
            "max": 0.004979548044502735,
            "count": 57
        }
    },
    "metadata": {
        "timer_format_version": "0.1.0",
        "start_time_seconds": "1598440033",
        "python_version": "3.7.7 (default, May  6 2020, 11:45:54) [MSC v.1916 64 bit (AMD64)]",
        "command_line_arguments": "C:\\Users\\lew\\AppData\\Local\\conda\\conda\\envs\\ml-agents-1.3\\Scripts\\mlagents-learn ./trainer_config.yaml --run-id car_09",
        "mlagents_version": "0.18.1",
        "mlagents_envs_version": "0.18.1",
        "communication_protocol_version": "1.0.0",
        "tensorflow_version": "2.3.0",
        "end_time_seconds": "1598449792"
    },
    "total": 9759.0270779,
    "count": 1,
    "self": 0.006144900000435882,
    "children": {
        "run_training.setup": {
            "total": 0.008345199999999942,
            "count": 1,
            "self": 0.008345199999999942
        },
        "TrainerController.start_learning": {
            "total": 9759.0125878,
            "count": 1,
            "self": 357.4829488999567,
            "children": {
                "TrainerController._reset_env": {
                    "total": 14.295107199999999,
                    "count": 1,
                    "self": 14.295107199999999
                },
                "TrainerController.advance": {
                    "total": 9386.588687600044,
                    "count": 1193845,
                    "self": 17.619706399436836,
                    "children": {
                        "env_step": {
                            "total": 9368.968981200607,
                            "count": 1193845,
                            "self": 8526.844907400473,
                            "children": {
                                "SubprocessEnvManager._take_step": {
                                    "total": 826.6995366999117,
                                    "count": 1193845,
                                    "self": 34.20431139932953,
                                    "children": {
                                        "NNPolicy.evaluate": {
                                            "total": 792.4952253005822,
                                            "count": 1187127,
                                            "self": 792.4952253005822
                                        }
                                    }
                                },
                                "workers": {
                                    "total": 15.424537100223297,
                                    "count": 1193844,
                                    "self": 0.0,
                                    "children": {
                                        "worker_root": {
                                            "total": 9707.810974500157,
                                            "count": 1193844,
                                            "is_parallel": true,
                                            "self": 2513.899857200865,
                                            "children": {
                                                "steps_from_proto": {
                                                    "total": 0.0007010000000011729,
                                                    "count": 1,
                                                    "is_parallel": true,
                                                    "self": 0.00020840000000177383,
                                                    "children": {
                                                        "_process_vector_observation": {
                                                            "total": 0.0004925999999993991,
                                                            "count": 10,
                                                            "is_parallel": true,
                                                            "self": 0.0004925999999993991
                                                        }
                                                    }
                                                },
                                                "UnityEnvironment.step": {
                                                    "total": 7193.910416299292,
                                                    "count": 1193844,
                                                    "is_parallel": true,
                                                    "self": 110.3670194993856,
                                                    "children": {
                                                        "UnityEnvironment._generate_step_input": {
                                                            "total": 70.08729839997139,
                                                            "count": 1193844,
                                                            "is_parallel": true,
                                                            "self": 70.08729839997139
                                                        },
                                                        "communicator.exchange": {
                                                            "total": 6519.45622189999,
                                                            "count": 1193844,
                                                            "is_parallel": true,
                                                            "self": 6519.45622189999
                                                        },
                                                        "steps_from_proto": {
                                                            "total": 493.9998764999448,
                                                            "count": 1193844,