{
    "name": "root",
    "gauges": {
        "ControllableCar.Policy.Entropy.mean": {
            "value": 1.4189382791519165,
            "min": 1.4189382791519165,
            "max": 1.4189382791519165,
            "count": 2
        },
        "ControllableCar.Environment.EpisodeLength.mean": {
            "value": 74.36363636363636,
            "min": 70.94964028776978,
            "max": 74.36363636363636,
            "count": 2
        },
        "ControllableCar.Policy.ExtrinsicValueEstimate.mean": {
            "value": -5.66417121887207,
            "min": -6.688969612121582,
            "max": -5.66417121887207,
            "count": 2
        },
        "ControllableCar.Environment.CumulativeReward.mean": {
            "value": 32.89323258220701,
            "min": 32.89323258220701,
            "max": 47.201448794724286,
            "count": 2
        },
        "ControllableCar.Policy.ExtrinsicReward.mean": {
            "value": 32.89323258220701,
            "min": 32.89323258220701,
            "max": 47.201448794724286,
            "count": 2
        },
        "ControllableCar.IsTraining.mean": {
            "value": 1.0,
            "min": 1.0,
            "max": 1.0,
            "count": 2
        }
    },
    "metadata": {
        "timer_format_version": "0.1.0",
        "start_time_seconds": "1599535509",
        "python_version": "3.7.7 (default, May  6 2020, 11:45:54) [MSC v.1916 64 bit (AMD64)]",
        "command_line_arguments": "C:\\Users\\lew\\AppData\\Local\\conda\\conda\\envs\\ml-agents-1.3\\Scripts\\mlagents-learn ./trainer_config.yaml --run-id car_14",
        "mlagents_version": "0.18.1",
        "mlagents_envs_version": "0.18.1",
        "communication_protocol_version": "1.0.0",
        "tensorflow_version": "2.3.0",
        "end_time_seconds": "1599535585"
    },
    "total": 75.4023649,
    "count": 1,
    "self": 0.010215099999996369,
    "children": {
        "run_training.setup": {
            "total": 0.009015799999999796,
            "count": 1,
            "self": 0.009015799999999796
        },
        "TrainerController.start_learning": {
            "total": 75.383134,
            "count": 1,
            "self": 3.0102349000001993,
            "children": {
                "TrainerController._reset_env": {
                    "total": 8.1725073,
                    "count": 1,
                    "self": 8.1725073
                },
                "TrainerController.advance": {
                    "total": 63.4798618999998,
                    "count": 3388,
                    "self": 0.05417109999982728,
                    "children": {
                        "env_step": {
                            "total": 63.42569079999997,
                            "count": 3388,
                            "self": 60.6089036000001,
                            "children": {
                                "SubprocessEnvManager._take_step": {
                                    "total": 2.7709914999997878,
                                    "count": 3388,
                                    "self": 0.11572289999954499,
                                    "children": {
                                        "NNPolicy.evaluate": {
                                            "total": 2.655268600000243,
                                            "count": 3101,
                                            "self": 2.655268600000243
                                        }
                                    }
                                },
                                "workers": {
                                    "total": 0.045795700000084594,
                                    "count": 3387,
                                    "self": 0.0,
                                    "children": {
                                        "worker_root": {
                                            "total": 66.07535039999972,
                                            "count": 3387,
                                            "is_parallel": true,
                                            "self": 11.701049499999549,
                                            "children": {
                                                "steps_from_proto": {
                                                    "total": 0.0010490000000000776,
                                                    "count": 1,
                                                    "is_parallel": true,
                                                    "self": 0.00016580000000310235,
                                                    "children": {
                                                        "_process_vector_observation": {
                                                            "total": 0.0008831999999969753,
                                                            "count": 10,
                                                            "is_parallel": true,
                                                            "self": 0.0008831999999969753
                                                        }
                                                    }
                                                },
                                                "UnityEnvironment.step": {
                                                    "total": 54.37325190000017,
                                                    "count": 3387,
                                                    "is_parallel": true,
                                                    "self": 0.6418385999997085,
                                                    "children": {
                                                        "UnityEnvironment._generate_step_input": {
                                                            "total": 0.39336210000027094,
                                                            "count": 3387,
                                                            "is_parallel": true,
                                                            "self": 0.39336210000027094
                                                        },
                                                        "communicator.exchange": {
                                                            "total": 50.4559787000001,
                                                            "count": 3387,
                                                            "is_parallel": true,
                                                            "self": 50.4559787000001
                                                        },
                                                        "steps_from_proto": {
                                                            "total": 2.882072500000083,
                                                            "count": 3387,
                                                            "is_parallel": true,
                                                            "self": 0.4698943000003357,
                                                            "children": {
                                                                "_process_vector_observation": {
                                                                    "total": 2.4121781999997474,
                                                                    "count": 33870,
                                                                    "is_parallel": true,