Steps,Policy/Entropy,Environment/Episode Length,Policy/Extrinsic Value Estimate,Environment/Cumulative Reward,Policy/Extrinsic Reward,Is Training
10000,1.4189383,77.81102362204724,0.48502678,40.29920582023878,40.29920582023878,1.0
20000,1.4189383,78.928,0.5346958,42.66719959902763,42.66719959902763,1.0
30000,1.4208829,79.76,1.2209328,53.87919948750734,53.87919948750734,1.0
40000,1.4210109,76.51162790697674,1.2119995,42.492247818052306,42.492247818052306,1.0
50000,1.4204851,75.21705426356588,1.6527754,47.33692250985366,47.33692250985366,1.0
